autoindustry,2008-01,556034.65
autoindustry,2008-02,547136.39
autoindustry,2008-03,548857.36
autoindustry,2008-04,550340.09
autoindustry,2008-05,552339.05
autoindustry,2008-06,555116.88
autoindustry,2008-07,555794.38
autoindustry,2008-08,556180.51
autoindustry,2008-09,554956.3
autoindustry,2008-10,554740.07
autoindustry,2008-11,553808.27
autoindustry,2008-12,552468.27
autoindustry,2009-01,557763.65
autoindustry,2009-02,547674.44
autoindustry,2009-03,547805.34
autoindustry,2009-04,547313.7
autoindustry,2009-05,546549.18
autoindustry,2009-06,546920.12
autoindustry,2009-07,546553.77
autoindustry,2009-08,546674.15
autoindustry,2009-09,546540.34
autoindustry,2009-10,546068.72
autoindustry,2009-11,545717.4
autoindustry,2009-12,545586.88
autoindustry,2010-01,553914.92
autoindustry,2010-02,548591.51
autoindustry,2010-03,550963.33
autoindustry,2010-04,552604.55
autoindustry,2010-05,554720.78
autoindustry,2010-06,557913.01
autoindustry,2010-07,559555.6
autoindustry,2010-08,561060.05
autoindustry,2010-09,562129.62
autoindustry,2010-10,563524.62
autoindustry,2010-11,564627.49
autoindustry,2010-12,565394.18
autoindustry,2011-01,575233.45
autoindustry,2011-02,571116.25
autoindustry,2011-03,574192.78
autoindustry,2011-04,576389.1
autoindustry,2011-05,580297.52
autoindustry,2011-06,584537.63
autoindustry,2011-07,586680.14
autoindustry,2011-08,588849.74
autoindustry,2011-09,589295.41
autoindustry,2011-10,590042.07
autoindustry,2011-11,591214.26
autoindustry,2011-12,591248.72
autoindustry,2012-01,602479.89
autoindustry,2012-02,596701.89
autoindustry,2012-03,599526.3
autoindustry,2012-04,602248.2
autoindustry,2012-05,606343.57
autoindustry,2012-06,611301.66
autoindustry,2012-07,614037.46
autoindustry,2012-08,615835.76
autoindustry,2012-09,615362.83
autoindustry,2012-10,616695.94
autoindustry,2012-11,617719.93
autoindustry,2012-12,618123.07
autoindustry,2013-01,628642.11
autoindustry,2013-02,623061.58
autoindustry,2013-03,626546.21
autoindustry,2013-04,629186.89
autoindustry,2013-05,633930.41
autoindustry,2013-06,639074.56
autoindustry,2013-07,642413.1
autoindustry,2013-08,645087.6
autoindustry,2013-09,645559.27
autoindustry,2013-10,645924.55
autoindustry,2013-11,647071.69
autoindustry,2013-12,647482.06
autoindustry,2014-01,657365.2
autoindustry,2014-02,652788.81
autoindustry,2014-03,656372.37
autoindustry,2014-04,659257.69
autoindustry,2014-05,663854.0
autoindustry,2014-06,670500.92
autoindustry,2014-07,673323.02
autoindustry,2014-08,675821.55
autoindustry,2014-09,676256.4
autoindustry,2014-10,678051.78
autoindustry,2014-11,679279.18
autoindustry,2014-12,680700.88
autoindustry,2015-01,688929.69
autoindustry,2015-02,686165.97
autoindustry,2015-03,690179.75
autoindustry,2015-04,692483.52
autoindustry,2015-05,697976.87
autoindustry,2015-06,705582.27
autoindustry,2015-07,709433.48
autoindustry,2015-08,712430.79
autoindustry,2015-09,711375.73
autoindustry,2015-10,712633.51
autoindustry,2015-11,714423.98
autoindustry,2015-12,714458.82
autoindustry,2016-01,721779.71
autoindustry,2016-02,721167.26
autoindustry,2016-03,723348.38
autoindustry,2016-04,725523.35
autoindustry,2016-05,731002.39
autoindustry,2016-06,737604.77
autoindustry,2016-07,739790.94
autoindustry,2016-08,742570.38
autoindustry,2016-09,740534.02
autoindustry,2016-10,741664.34
autoindustry,2016-11,742601.2
autoindustry,2016-12,742575.75
autoindustry,2017-01,749798.96
autoindustry,2017-02,748903.58
autoindustry,2017-03,751376.86
autoindustry,2017-04,752372.14
autoindustry,2017-05,758578.58
autoindustry,2017-06,763973.28
autoindustry,2017-07,765809.69
autoindustry,2017-08,767053.56
autoindustry,2017-09,765366.06
autoindustry,2017-10,765799.66
autoindustry,2017-11,764997.72
autoindustry,2017-12,764787.59
autoindustry,2018-01,770274.55
autoindustry,2018-02,770030.12
autoindustry,2018-03,773445.68
autoindustry,2018-04,775605.1
autoindustry,2018-05,781745.98
autoindustry,2018-06,787255.04
autoindustry,2018-07,787552.78
autoindustry,2018-08,789476.69
autoindustry,2018-09,786713.61
autoindustry,2018-10,788857.73
autoindustry,2018-11,788953.51
autoindustry,2018-12,789135.41
autoindustry,2019-01,792361.32
autoindustry,2019-02,789561.42
autoindustry,2019-03,787253.18
autoindustry,2019-04,785369.24
autoindustry,2019-05,789877.06
autoindustry,2019-06,792710.24
autoindustry,2019-07,792403.68
autoindustry,2019-08,790369.02
autoindustry,2019-09,785313.76
autoindustry,2019-10,783188.44
autoindustry,2019-11,782250.1
autoindustry,2019-12,777303.08
axa,2008-01,92159.48
axa,2008-02,90764.03
axa,2008-03,91214.46
axa,2008-04,91695.8
axa,2008-05,92254.63
axa,2008-06,92909.01
axa,2008-07,93328.54
axa,2008-08,93743.12
axa,2008-09,94447.56
axa,2008-10,94596.29
axa,2008-11,94730.53
axa,2008-12,94841.49
axa,2009-01,97317.85
axa,2009-02,95968.89
axa,2009-03,96490.29
axa,2009-04,96765.6
axa,2009-05,97092.26
axa,2009-06,97703.79
axa,2009-07,97761.45
axa,2009-08,97940.32
axa,2009-09,98513.74
axa,2009-10,98302.29
axa,2009-11,98499.67
axa,2009-12,98460.93
axa,2010-01,100878.29
axa,2010-02,99358.52
axa,2010-03,99885.01
axa,2010-04,100282.36
axa,2010-05,100776.93
axa,2010-06,101652.15
axa,2010-07,101977.79
axa,2010-08,102162.86
axa,2010-09,102786.97
axa,2010-10,102544.69
axa,2010-11,102596.06
axa,2010-12,102694.58
axa,2011-01,104644.29
axa,2011-02,102988.3
axa,2011-03,103373.78
axa,2011-04,103526.84
axa,2011-05,103951.6
axa,2011-06,104516.67
axa,2011-07,104614.81
axa,2011-08,104695.87
axa,2011-09,104988.78
axa,2011-10,104974.68
axa,2011-11,105047.59
axa,2011-12,104952.96
axa,2012-01,106898.14
axa,2012-02,105363.06
axa,2012-03,105720.11
axa,2012-04,105955.59
axa,2012-05,106382.24
axa,2012-06,107035.04
axa,2012-07,107324.84
axa,2012-08,107260.29
axa,2012-09,107435.07
axa,2012-10,107470.8
axa,2012-11,107570.46
axa,2012-12,107533.19
axa,2013-01,109315.78
axa,2013-02,107836.91
axa,2013-03,108292.48
axa,2013-04,108627.77
axa,2013-05,108997.23
axa,2013-06,109431.48
axa,2013-07,109737.96
axa,2013-08,109695.63
axa,2013-09,110104.91
axa,2013-10,110219.97
axa,2013-11,110419.16
axa,2013-12,110555.13
axa,2014-01,112253.04
axa,2014-02,111252.77
axa,2014-03,111787.35
axa,2014-04,112261.15
axa,2014-05,112906.95
axa,2014-06,113865.56
axa,2014-07,114411.26
axa,2014-08,114425.63
axa,2014-09,115040.08
axa,2014-10,115135.46
axa,2014-11,115611.81
axa,2014-12,115772.96
axa,2015-01,117594.43
axa,2015-02,117038.7
axa,2015-03,117731.3
axa,2015-04,118518.44
axa,2015-05,119229.47
axa,2015-06,120455.08
axa,2015-07,121035.61
axa,2015-08,121329.11
axa,2015-09,122096.01
axa,2015-10,122309.53
axa,2015-11,122720.96
axa,2015-12,123054.88
axa,2016-01,124381.13
axa,2016-02,124045.24
axa,2016-03,124673.98
axa,2016-04,125319.2
axa,2016-05,126033.55
axa,2016-06,127035.99
axa,2016-07,127522.41
axa,2016-08,127677.06
axa,2016-09,127838.28
axa,2016-10,127987.54
axa,2016-11,128129.66
axa,2016-12,127757.48
axa,2017-01,128786.74
axa,2017-02,128245.44
axa,2017-03,128651.24
axa,2017-04,129039.8
axa,2017-05,129595.38
axa,2017-06,130301.83
axa,2017-07,130593.93
axa,2017-08,130352.79
axa,2017-09,130763.78
axa,2017-10,130798.51
axa,2017-11,130964.24
axa,2017-12,131086.69
axa,2018-01,132422.91
axa,2018-02,132099.15
axa,2018-03,132792.74
axa,2018-04,133456.44
axa,2018-05,134153.67
axa,2018-06,135176.15
axa,2018-07,135574.83
axa,2018-08,135843.12
axa,2018-09,138499.4
axa,2018-10,139040.45
axa,2018-11,139607.37
axa,2018-12,139939.85
axa,2019-01,142107.42
axa,2019-02,142250.12
axa,2019-03,143465.87
axa,2019-04,145284.9
axa,2019-05,146272.79
axa,2019-06,148311.85
axa,2019-07,149713.0
axa,2019-08,149804.73
axa,2019-09,151271.15
axa,2019-10,151817.94
axa,2019-11,151958.42
axa,2019-12,151773.63
bofa,2008-01,332277.5
bofa,2008-02,322747.5
bofa,2008-03,323659.55
bofa,2008-04,324588.66
bofa,2008-05,325743.75
bofa,2008-06,328202.98
bofa,2008-07,328502.11
bofa,2008-08,328366.16
bofa,2008-09,326413.08
bofa,2008-10,326108.9
bofa,2008-11,325252.18
bofa,2008-12,324501.69
bofa,2009-01,330983.84
bofa,2009-02,320263.66
bofa,2009-03,319391.67
bofa,2009-04,318491.55
bofa,2009-05,317954.44
bofa,2009-06,319952.8
bofa,2009-07,320454.91
bofa,2009-08,321478.87
bofa,2009-09,321669.05
bofa,2009-10,322271.67
bofa,2009-11,323298.06
bofa,2009-12,323636.28
bofa,2010-01,331880.78
bofa,2010-02,326561.41
bofa,2010-03,328645.0
bofa,2010-04,329833.25
bofa,2010-05,331988.35
bofa,2010-06,336154.13
bofa,2010-07,337721.61
bofa,2010-08,340147.25
bofa,2010-09,339677.2
bofa,2010-10,341066.81
bofa,2010-11,341582.74
bofa,2010-12,341893.57
bofa,2011-01,348276.0
bofa,2011-02,342343.55
bofa,2011-03,343418.16
bofa,2011-04,344222.8
bofa,2011-05,346204.14
bofa,2011-06,350538.56
bofa,2011-07,352300.8
bofa,2011-08,352907.8
bofa,2011-09,350159.29
bofa,2011-10,348952.93
bofa,2011-11,347993.4
bofa,2011-12,346721.98
bofa,2012-01,350508.0
bofa,2012-02,343427.87
bofa,2012-03,343920.83
bofa,2012-04,343251.17
bofa,2012-05,344266.96
bofa,2012-06,346665.5
bofa,2012-07,346583.84
bofa,2012-08,346573.62
bofa,2012-09,343768.13
bofa,2012-10,343776.72
bofa,2012-11,342661.7
bofa,2012-12,341390.32
bofa,2013-01,343150.45
bofa,2013-02,335714.37
bofa,2013-03,335018.27
bofa,2013-04,334354.82
bofa,2013-05,334217.02
bofa,2013-06,335523.32
bofa,2013-07,335065.55
bofa,2013-08,334391.24
bofa,2013-09,331297.88
bofa,2013-10,330124.01
bofa,2013-11,328618.53
bofa,2013-12,327577.52
bofa,2014-01,329585.38
bofa,2014-02,324185.74
bofa,2014-03,323465.54
bofa,2014-04,322699.24
bofa,2014-05,321933.65
bofa,2014-06,324936.83
bofa,2014-07,324842.38
bofa,2014-08,324417.76
bofa,2014-09,320888.7
bofa,2014-10,319775.0
bofa,2014-11,318109.6
bofa,2014-12,317052.11
bofa,2015-01,318344.67
bofa,2015-02,315185.79
bofa,2015-03,314493.53
bofa,2015-04,313882.91
bofa,2015-05,313877.76
bofa,2015-06,317850.76
bofa,2015-07,318910.72
bofa,2015-08,319428.18
bofa,2015-09,316093.32
bofa,2015-10,316378.96
bofa,2015-11,316331.33
bofa,2015-12,315818.63
bofa,2016-01,317249.96
bofa,2016-02,316077.05
bofa,2016-03,316115.08
bofa,2016-04,315902.61
bofa,2016-05,316324.38
bofa,2016-06,319467.07
bofa,2016-07,320485.18
bofa,2016-08,320630.04
bofa,2016-09,317322.04
bofa,2016-10,317469.9
bofa,2016-11,317617.03
bofa,2016-12,317146.03
bofa,2017-01,318531.82
bofa,2017-02,318015.35
bofa,2017-03,318633.58
bofa,2017-04,318979.59
bofa,2017-05,320216.38
bofa,2017-06,324349.34
bofa,2017-07,325445.28
bofa,2017-08,326124.32
bofa,2017-09,323436.65
bofa,2017-10,324179.31
bofa,2017-11,324362.24
bofa,2017-12,324240.72
bofa,2018-01,326076.41
bofa,2018-02,325832.13
bofa,2018-03,325284.97
bofa,2018-04,325366.03
bofa,2018-05,325825.36
bofa,2018-06,329584.55
bofa,2018-07,331072.9
bofa,2018-08,331160.49
bofa,2018-09,327507.91
bofa,2018-10,328278.81
bofa,2018-11,328578.58
bofa,2018-12,328727.23
bofa,2019-01,331310.58
bofa,2019-02,332049.58
bofa,2019-03,332253.61
bofa,2019-04,333682.55
bofa,2019-05,335114.35
bofa,2019-06,340898.16
bofa,2019-07,343912.64
bofa,2019-08,344273.98
bofa,2019-09,339445.97
bofa,2019-10,339750.54
bofa,2019-11,339197.47
bofa,2019-12,338671.28
costco,2008-01,79690.65
costco,2008-02,79245.29
costco,2008-03,79436.81
costco,2008-04,79702.04
costco,2008-05,80338.81
costco,2008-06,81164.3
costco,2008-07,81496.08
costco,2008-08,81829.66
costco,2008-09,81828.12
costco,2008-10,82231.67
costco,2008-11,82378.47
costco,2008-12,82275.25
costco,2009-01,82698.58
costco,2009-02,82180.35
costco,2009-03,82208.27
costco,2009-04,82462.46
costco,2009-05,83040.44
costco,2009-06,83688.39
costco,2009-07,83841.1
costco,2009-08,84138.16
costco,2009-09,84285.72
costco,2009-10,84753.28
costco,2009-11,85041.85
costco,2009-12,85027.71
costco,2010-01,85781.37
costco,2010-02,85046.41
costco,2010-03,85172.8
costco,2010-04,85367.78
costco,2010-05,85944.29
costco,2010-06,86571.03
costco,2010-07,86797.01
costco,2010-08,87125.97
costco,2010-09,87153.68
costco,2010-10,87919.55
costco,2010-11,88359.74
costco,2010-12,88318.6
costco,2011-01,89409.69
costco,2011-02,88281.5
costco,2011-03,88432.12
costco,2011-04,88691.54
costco,2011-05,89512.54
costco,2011-06,90232.96
costco,2011-07,90624.12
costco,2011-08,91047.0
costco,2011-09,91207.31
costco,2011-10,92308.72
costco,2011-11,92852.72
costco,2011-12,92677.53
costco,2012-01,93480.7
costco,2012-02,91623.61
costco,2012-03,91779.94
costco,2012-04,92248.55
costco,2012-05,93198.09
costco,2012-06,94187.42
costco,2012-07,94416.05
costco,2012-08,94840.88
costco,2012-09,95172.12
costco,2012-10,96447.32
costco,2012-11,97298.13
costco,2012-12,97246.71
costco,2013-01,97951.27
costco,2013-02,95944.89
costco,2013-03,95916.43
costco,2013-04,96150.04
costco,2013-05,97049.34
costco,2013-06,97887.47
costco,2013-07,98044.37
costco,2013-08,98564.73
costco,2013-09,98897.55
costco,2013-10,100299.05
costco,2013-11,101314.0
costco,2013-12,101180.34
costco,2014-01,101385.3
costco,2014-02,99393.8
costco,2014-03,99282.38
costco,2014-04,99786.53
costco,2014-05,100763.97
costco,2014-06,101594.22
costco,2014-07,101783.54
costco,2014-08,102181.71
costco,2014-09,102287.02
costco,2014-10,103761.55
costco,2014-11,104990.76
costco,2014-12,104939.92
costco,2015-01,104659.46
costco,2015-02,102861.75
costco,2015-03,102941.5
costco,2015-04,103428.59
costco,2015-05,104626.97
costco,2015-06,105678.25
costco,2015-07,105827.13
costco,2015-08,106283.83
costco,2015-09,106223.97
costco,2015-10,107775.92
costco,2015-11,108924.56
costco,2015-12,108678.84
costco,2016-01,108422.8
costco,2016-02,106923.53
costco,2016-03,106988.22
costco,2016-04,107323.1
costco,2016-05,108381.96
costco,2016-06,109299.32
costco,2016-07,109343.02
costco,2016-08,109728.25
costco,2016-09,109455.78
costco,2016-10,110678.45
costco,2016-11,111738.67
costco,2016-12,111695.85
costco,2017-01,111320.11
costco,2017-02,109987.19
costco,2017-03,109909.95
costco,2017-04,110042.75
costco,2017-05,111035.1
costco,2017-06,111958.35
costco,2017-07,112307.88
costco,2017-08,112692.16
costco,2017-09,112733.67
costco,2017-10,113849.73
costco,2017-11,115142.29
costco,2017-12,114979.97
costco,2018-01,114412.35
costco,2018-02,113188.23
costco,2018-03,113151.73
costco,2018-04,113510.65
costco,2018-05,114734.65
costco,2018-06,115498.59
costco,2018-07,115776.06
costco,2018-08,116332.78
costco,2018-09,116029.98
costco,2018-10,117365.4
costco,2018-11,118299.42
costco,2018-12,118104.0
costco,2019-01,117424.56
costco,2019-02,115705.73
costco,2019-03,115531.11
costco,2019-04,115708.49
costco,2019-05,116871.41
costco,2019-06,117038.86
costco,2019-07,117117.03
costco,2019-08,117168.59
costco,2019-09,116399.89
costco,2019-10,117680.51
costco,2019-11,118962.58
costco,2019-12,118353.94
daimler,2008-01,55522.48
daimler,2008-02,54967.06
daimler,2008-03,55237.2
daimler,2008-04,55414.03
daimler,2008-05,55790.75
daimler,2008-06,56254.49
daimler,2008-07,56558.05
daimler,2008-08,56855.03
daimler,2008-09,56933.93
daimler,2008-10,57026.9
daimler,2008-11,57034.11
daimler,2008-12,57117.41
daimler,2009-01,57778.48
daimler,2009-02,57078.32
daimler,2009-03,57066.71
daimler,2009-04,57001.18
daimler,2009-05,56930.5
daimler,2009-06,57017.86
daimler,2009-07,56938.62
daimler,2009-08,56793.35
daimler,2009-09,56953.75
daimler,2009-10,56939.35
daimler,2009-11,56903.75
daimler,2009-12,56882.4
daimler,2010-01,57795.72
daimler,2010-02,57267.48
daimler,2010-03,57460.93
daimler,2010-04,57632.42
daimler,2010-05,57854.06
daimler,2010-06,58175.01
daimler,2010-07,58278.84
daimler,2010-08,58403.58
daimler,2010-09,58597.0
daimler,2010-10,58531.44
daimler,2010-11,58599.59
daimler,2010-12,58707.85
daimler,2011-01,59732.55
daimler,2011-02,59370.27
daimler,2011-03,59862.2
daimler,2011-04,60090.07
daimler,2011-05,60405.08
daimler,2011-06,60921.87
daimler,2011-07,61312.06
daimler,2011-08,61617.1
daimler,2011-09,61751.4
daimler,2011-10,61782.05
daimler,2011-11,61860.81
daimler,2011-12,61966.66
daimler,2012-01,63196.24
daimler,2012-02,62771.25
daimler,2012-03,63268.58
daimler,2012-04,63616.93
daimler,2012-05,64146.61
daimler,2012-06,64743.19
daimler,2012-07,65362.8
daimler,2012-08,65730.35
daimler,2012-09,65715.53
daimler,2012-10,65600.51
daimler,2012-11,65498.33
daimler,2012-12,65448.79
daimler,2013-01,66560.36
daimler,2013-02,66067.22
daimler,2013-03,66518.37
daimler,2013-04,66774.82
daimler,2013-05,67164.25
daimler,2013-06,67716.12
daimler,2013-07,68245.37
daimler,2013-08,68458.37
daimler,2013-09,68632.48
daimler,2013-10,68479.99
daimler,2013-11,68373.01
daimler,2013-12,68286.24
daimler,2014-01,69165.97
daimler,2014-02,68472.49
daimler,2014-03,68825.93
daimler,2014-04,69130.4
daimler,2014-05,69630.51
daimler,2014-06,70273.13
daimler,2014-07,70916.3
daimler,2014-08,71095.11
daimler,2014-09,71197.17
daimler,2014-10,71057.64
daimler,2014-11,70924.42
daimler,2014-12,70914.09
daimler,2015-01,71680.53
daimler,2015-02,71207.96
daimler,2015-03,71786.72
daimler,2015-04,72056.34
daimler,2015-05,72589.31
daimler,2015-06,73358.89
daimler,2015-07,74085.8
daimler,2015-08,74420.71
daimler,2015-09,74424.93
daimler,2015-10,74403.81
daimler,2015-11,74403.69
daimler,2015-12,74370.79
daimler,2016-01,75027.19
daimler,2016-02,74879.71
daimler,2016-03,75338.64
daimler,2016-04,75450.51
daimler,2016-05,75841.09
daimler,2016-06,76502.06
daimler,2016-07,76901.28
daimler,2016-08,77151.58
daimler,2016-09,77053.32
daimler,2016-10,76803.32
daimler,2016-11,76818.56
daimler,2016-12,76734.34
daimler,2017-01,77349.25
daimler,2017-02,77313.05
daimler,2017-03,77787.42
daimler,2017-04,78019.87
daimler,2017-05,78786.86
daimler,2017-06,79572.85
daimler,2017-07,80018.06
daimler,2017-08,80185.86
daimler,2017-09,80161.44
daimler,2017-10,80147.07
daimler,2017-11,80065.47
daimler,2017-12,80117.11
daimler,2018-01,81031.0
daimler,2018-02,81141.59
daimler,2018-03,81629.88
daimler,2018-04,82013.48
daimler,2018-05,82787.46
daimler,2018-06,83884.01
daimler,2018-07,84663.81
daimler,2018-08,85097.74
daimler,2018-09,84772.06
daimler,2018-10,85133.85
daimler,2018-11,85175.62
daimler,2018-12,85284.43
daimler,2019-01,86326.22
daimler,2019-02,87050.76
daimler,2019-03,87787.71
daimler,2019-04,88534.98
daimler,2019-05,89802.97
daimler,2019-06,91195.6
daimler,2019-07,91959.57
daimler,2019-08,92049.54
daimler,2019-09,92013.22
daimler,2019-10,90699.57
daimler,2019-11,91561.26
daimler,2019-12,89823.7
ford,2008-01,151076.12
ford,2008-02,148653.86
ford,2008-03,148976.96
ford,2008-04,148967.5
ford,2008-05,149139.07
ford,2008-06,149421.95
ford,2008-07,149252.13
ford,2008-08,148725.31
ford,2008-09,148119.11
ford,2008-10,147934.15
ford,2008-11,147599.62
ford,2008-12,147276.76
ford,2009-01,148086.79
ford,2009-02,145598.98
ford,2009-03,145462.12
ford,2009-04,145343.65
ford,2009-05,145421.6
ford,2009-06,145720.67
ford,2009-07,145792.15
ford,2009-08,145931.42
ford,2009-09,145998.43
ford,2009-10,146083.67
ford,2009-11,146292.95
ford,2009-12,146376.6
ford,2010-01,148071.51
ford,2010-02,147025.37
ford,2010-03,147499.62
ford,2010-04,147862.83
ford,2010-05,148468.26
ford,2010-06,149184.89
ford,2010-07,149403.46
ford,2010-08,149776.02
ford,2010-09,149859.48
ford,2010-10,150180.37
ford,2010-11,150383.61
ford,2010-12,150503.32
ford,2011-01,152386.84
ford,2011-02,151265.15
ford,2011-03,152006.7
ford,2011-04,152380.03
ford,2011-05,153384.62
ford,2011-06,154238.0
ford,2011-07,154613.01
ford,2011-08,154998.15
ford,2011-09,155088.32
ford,2011-10,155233.62
ford,2011-11,155657.61
ford,2011-12,155620.89
ford,2012-01,157668.05
ford,2012-02,156486.01
ford,2012-03,157100.5
ford,2012-04,157857.24
ford,2012-05,158881.19
ford,2012-06,160088.84
ford,2012-07,160747.44
ford,2012-08,160931.42
ford,2012-09,160705.99
ford,2012-10,160775.98
ford,2012-11,160970.14
ford,2012-12,161173.39
ford,2013-01,162786.57
ford,2013-02,161477.94
ford,2013-03,162130.25
ford,2013-04,162764.1
ford,2013-05,164165.27
ford,2013-06,165636.14
ford,2013-07,166561.5
ford,2013-08,167369.96
ford,2013-09,167472.2
ford,2013-10,167837.44
ford,2013-11,168381.55
ford,2013-12,168672.46
ford,2014-01,170593.94
ford,2014-02,169737.06
ford,2014-03,170637.57
ford,2014-04,171394.63
ford,2014-05,172749.03
ford,2014-06,174393.22
ford,2014-07,175002.9
ford,2014-08,175733.12
ford,2014-09,175868.71
ford,2014-10,176518.35
ford,2014-11,177000.54
ford,2014-12,177539.24
ford,2015-01,179172.55
ford,2015-02,178683.33
ford,2015-03,179457.16
ford,2015-04,179885.69
ford,2015-05,181216.86
ford,2015-06,182843.75
ford,2015-07,183646.7
ford,2015-08,184031.2
ford,2015-09,183829.51
ford,2015-10,184135.97
ford,2015-11,184559.78
ford,2015-12,184582.5
ford,2016-01,185616.56
ford,2016-02,185569.71
ford,2016-03,186084.02
ford,2016-04,186800.98
ford,2016-05,188289.37
ford,2016-06,189811.87
ford,2016-07,190449.4
ford,2016-08,190771.74
ford,2016-09,190425.3
ford,2016-10,190832.32
ford,2016-11,191033.56
ford,2016-12,191080.24
ford,2017-01,192239.18
ford,2017-02,191920.62
ford,2017-03,192535.17
ford,2017-04,192726.25
ford,2017-05,194149.52
ford,2017-06,194771.76
ford,2017-07,195045.82
ford,2017-08,194976.44
ford,2017-09,194501.68
ford,2017-10,194637.92
ford,2017-11,194057.94
ford,2017-12,193918.5
ford,2018-01,194552.94
ford,2018-02,194300.56
ford,2018-03,194647.66
ford,2018-04,194746.3
ford,2018-05,195865.0
ford,2018-06,196674.22
ford,2018-07,196644.32
ford,2018-08,196334.11
ford,2018-09,195670.21
ford,2018-10,195815.24
ford,2018-11,195623.8
ford,2018-12,195510.65
ford,2019-01,196053.81
ford,2019-02,195305.64
ford,2019-03,195644.44
ford,2019-04,195333.18
ford,2019-05,196602.77
ford,2019-06,197787.23
ford,2019-07,197159.92
ford,2019-08,196422.64
ford,2019-09,195065.84
ford,2019-10,195512.99
ford,2019-11,195418.51
ford,2019-12,194618.15
gm,2008-01,179410.28
gm,2008-02,175565.94
gm,2008-03,176094.51
gm,2008-04,176733.24
gm,2008-05,177420.4
gm,2008-06,178436.9
gm,2008-07,178507.22
gm,2008-08,178408.87
gm,2008-09,177548.57
gm,2008-10,177295.34
gm,2008-11,176698.37
gm,2008-12,175695.07
gm,2009-01,177230.68
gm,2009-02,172247.08
gm,2009-03,172280.66
gm,2009-04,171912.32
gm,2009-05,170993.68
gm,2009-06,170528.78
gm,2009-07,170053.32
gm,2009-08,169885.65
gm,2009-09,169438.59
gm,2009-10,168855.45
gm,2009-11,168136.44
gm,2009-12,167838.58
gm,2010-01,169975.5
gm,2010-02,167764.39
gm,2010-03,168569.92
gm,2010-04,169004.45
gm,2010-05,169812.24
gm,2010-06,170655.52
gm,2010-07,171232.18
gm,2010-08,171611.33
gm,2010-09,171813.53
gm,2010-10,172559.18
gm,2010-11,172954.56
gm,2010-12,173254.55
gm,2011-01,176110.08
gm,2011-02,174801.53
gm,2011-03,175529.93
gm,2011-04,176127.63
gm,2011-05,177568.4
gm,2011-06,178731.34
gm,2011-07,179246.27
gm,2011-08,179726.32
gm,2011-09,179467.66
gm,2011-10,179620.53
gm,2011-11,179648.61
gm,2011-12,179472.67
gm,2012-01,182360.69
gm,2012-02,180185.48
gm,2012-03,180568.16
gm,2012-04,180952.32
gm,2012-05,181885.71
gm,2012-06,182878.67
gm,2012-07,183104.59
gm,2012-08,183322.8
gm,2012-09,182625.83
gm,2012-10,183011.26
gm,2012-11,183469.46
gm,2012-12,183559.93
gm,2013-01,186954.14
gm,2013-02,185270.4
gm,2013-03,186633.58
gm,2013-04,187364.13
gm,2013-05,188787.12
gm,2013-06,190325.3
gm,2013-07,191424.34
gm,2013-08,192016.79
gm,2013-09,191764.74
gm,2013-10,191832.21
gm,2013-11,191977.96
gm,2013-12,191925.32
gm,2014-01,194611.45
gm,2014-02,193036.57
gm,2014-03,193627.97
gm,2014-04,193966.2
gm,2014-05,195095.92
gm,2014-06,196800.3
gm,2014-07,197379.15
gm,2014-08,198031.03
gm,2014-09,197872.52
gm,2014-10,198319.99
gm,2014-11,198375.0
gm,2014-12,198484.9
gm,2015-01,200657.79
gm,2015-02,199767.93
gm,2015-03,200469.28
gm,2015-04,201017.01
gm,2015-05,202374.04
gm,2015-06,204787.6
gm,2015-07,205501.8
gm,2015-08,206284.06
gm,2015-09,205295.46
gm,2015-10,205645.4
gm,2015-11,206110.58
gm,2015-12,206162.66
gm,2016-01,208756.83
gm,2016-02,208768.86
gm,2016-03,209467.36
gm,2016-04,210170.7
gm,2016-05,211971.7
gm,2016-06,214054.75
gm,2016-07,214937.85
gm,2016-08,216303.07
gm,2016-09,215631.04
gm,2016-10,216467.63
gm,2016-11,216737.6
gm,2016-12,216668.16
gm,2017-01,218710.76
gm,2017-02,218384.92
gm,2017-03,218946.62
gm,2017-04,218949.9
gm,2017-05,220217.44
gm,2017-06,221851.08
gm,2017-07,222400.57
gm,2017-08,222189.1
gm,2017-09,220990.37
gm,2017-10,220761.99
gm,2017-11,220452.24
gm,2017-12,220193.34
gm,2018-01,221208.13
gm,2018-02,220913.22
gm,2018-03,221603.29
gm,2018-04,221614.56
gm,2018-05,222997.55
gm,2018-06,224613.68
gm,2018-07,225180.28
gm,2018-08,225896.54
gm,2018-09,224944.56
gm,2018-10,225491.64
gm,2018-11,225083.64
gm,2018-12,224429.4
gm,2019-01,224388.66
gm,2019-02,223265.62
gm,2019-03,220102.65
gm,2019-04,218867.88
gm,2019-05,219725.78
gm,2019-06,220958.19
gm,2019-07,221821.78
gm,2019-08,221363.89
gm,2019-09,219757.98
gm,2019-10,218819.73
gm,2019-11,217916.22
gm,2019-12,216527.24
ibm,2008-01,656185.91
ibm,2008-02,641449.93
ibm,2008-03,643245.97
ibm,2008-04,645215.87
ibm,2008-05,648170.52
ibm,2008-06,653235.05
ibm,2008-07,656631.27
ibm,2008-08,660302.8
ibm,2008-09,662738.03
ibm,2008-10,665323.31
ibm,2008-11,665760.22
ibm,2008-12,666424.95
ibm,2009-01,679287.72
ibm,2009-02,665814.79
ibm,2009-03,666086.92
ibm,2009-04,667663.13
ibm,2009-05,668481.81
ibm,2009-06,671772.82
ibm,2009-07,675220.49
ibm,2009-08,677111.32
ibm,2009-09,679389.53
ibm,2009-10,680885.49
ibm,2009-11,682657.14
ibm,2009-12,684159.22
ibm,2010-01,700675.34
ibm,2010-02,688367.31
ibm,2010-03,692415.52
ibm,2010-04,693581.48
ibm,2010-05,698779.81
ibm,2010-06,705218.9
ibm,2010-07,710383.7
ibm,2010-08,713859.45
ibm,2010-09,716261.14
ibm,2010-10,718803.9
ibm,2010-11,719959.3
ibm,2010-12,720888.32
ibm,2011-01,733534.14
ibm,2011-02,722597.87
ibm,2011-03,724619.22
ibm,2011-04,725805.16
ibm,2011-05,729265.52
ibm,2011-06,734135.0
ibm,2011-07,737713.5
ibm,2011-08,739379.51
ibm,2011-09,737949.77
ibm,2011-10,737428.06
ibm,2011-11,737469.38
ibm,2011-12,736673.66
ibm,2012-01,747693.63
ibm,2012-02,736867.96
ibm,2012-03,738779.85
ibm,2012-04,738510.88
ibm,2012-05,740040.97
ibm,2012-06,743695.73
ibm,2012-07,746372.05
ibm,2012-08,746740.74
ibm,2012-09,746382.98
ibm,2012-10,746785.92
ibm,2012-11,746516.78
ibm,2012-12,747301.46
ibm,2013-01,757024.83
ibm,2013-02,746381.56
ibm,2013-03,748780.91
ibm,2013-04,750487.12
ibm,2013-05,752706.61
ibm,2013-06,755489.44
ibm,2013-07,757630.85
ibm,2013-08,754865.07
ibm,2013-09,752276.91
ibm,2013-10,751874.32
ibm,2013-11,751232.01
ibm,2013-12,751020.61
ibm,2014-01,757652.42
ibm,2014-02,746794.82
ibm,2014-03,746949.42
ibm,2014-04,744135.73
ibm,2014-05,743010.36
ibm,2014-06,745804.65
ibm,2014-07,748186.99
ibm,2014-08,747432.3
ibm,2014-09,745306.85
ibm,2014-10,742080.87
ibm,2014-11,738968.43
ibm,2014-12,738261.79
ibm,2015-01,744337.32
ibm,2015-02,736646.03
ibm,2015-03,738319.15
ibm,2015-04,738818.14
ibm,2015-05,742373.72
ibm,2015-06,747352.62
ibm,2015-07,749225.28
ibm,2015-08,749083.3
ibm,2015-09,748253.32
ibm,2015-10,747646.99
ibm,2015-11,746764.03
ibm,2015-12,745858.96
ibm,2016-01,750763.56
ibm,2016-02,745563.86
ibm,2016-03,746618.67
ibm,2016-04,747151.47
ibm,2016-05,749329.86
ibm,2016-06,750603.89
ibm,2016-07,750508.74
ibm,2016-08,749617.13
ibm,2016-09,746049.95
ibm,2016-10,744538.58
ibm,2016-11,743716.11
ibm,2016-12,742248.56
ibm,2017-01,747552.02
ibm,2017-02,744580.51
ibm,2017-03,745855.42
ibm,2017-04,746158.51
ibm,2017-05,747234.51
ibm,2017-06,748640.0
ibm,2017-07,748265.56
ibm,2017-08,746962.22
ibm,2017-09,745336.48
ibm,2017-10,745211.34
ibm,2017-11,744060.04
ibm,2017-12,743082.85
ibm,2018-01,748458.14
ibm,2018-02,745516.08
ibm,2018-03,746780.53
ibm,2018-04,747141.49
ibm,2018-05,748784.9
ibm,2018-06,750985.67
ibm,2018-07,751838.4
ibm,2018-08,750208.86
ibm,2018-09,748058.13
ibm,2018-10,749190.48
ibm,2018-11,748242.31
ibm,2018-12,747814.66
ibm,2019-01,754550.92
ibm,2019-02,752140.97
ibm,2019-03,753954.2
ibm,2019-04,754486.15
ibm,2019-05,755962.94
ibm,2019-06,757334.62
ibm,2019-07,757545.4
ibm,2019-08,753527.38
ibm,2019-09,748165.42
ibm,2019-10,742062.94
ibm,2019-11,735136.8
ibm,2019-12,728951.32
jpmc,2008-01,260729.85
jpmc,2008-02,254208.38
jpmc,2008-03,255894.2
jpmc,2008-04,256796.77
jpmc,2008-05,258052.16
jpmc,2008-06,260582.35
jpmc,2008-07,261281.37
jpmc,2008-08,261996.58
jpmc,2008-09,262615.49
jpmc,2008-10,262910.57
jpmc,2008-11,262577.65
jpmc,2008-12,262587.87
jpmc,2009-01,268453.61
jpmc,2009-02,261262.39
jpmc,2009-03,262264.74
jpmc,2009-04,262608.04
jpmc,2009-05,263856.39
jpmc,2009-06,265989.17
jpmc,2009-07,267057.14
jpmc,2009-08,268193.21
jpmc,2009-09,269218.57
jpmc,2009-10,270025.09
jpmc,2009-11,270955.32
jpmc,2009-12,271294.29
jpmc,2010-01,278606.73
jpmc,2010-02,274748.77
jpmc,2010-03,277311.97
jpmc,2010-04,278850.33
jpmc,2010-05,281224.9
jpmc,2010-06,284873.33
jpmc,2010-07,286886.44
jpmc,2010-08,289280.94
jpmc,2010-09,289850.15
jpmc,2010-10,291465.54
jpmc,2010-11,292171.77
jpmc,2010-12,292617.12
jpmc,2011-01,300111.04
jpmc,2011-02,296477.6
jpmc,2011-03,298280.3
jpmc,2011-04,299231.53
jpmc,2011-05,302145.42
jpmc,2011-06,305685.69
jpmc,2011-07,307908.55
jpmc,2011-08,310702.08
jpmc,2011-09,311900.37
jpmc,2011-10,313513.07
jpmc,2011-11,314357.16
jpmc,2011-12,314626.88
jpmc,2012-01,320478.08
jpmc,2012-02,315407.92
jpmc,2012-03,316268.6
jpmc,2012-04,317152.98
jpmc,2012-05,318086.99
jpmc,2012-06,319753.04
jpmc,2012-07,320322.06
jpmc,2012-08,320575.23
jpmc,2012-09,319152.72
jpmc,2012-10,319460.7
jpmc,2012-11,318737.01
jpmc,2012-12,318089.77
jpmc,2013-01,321830.42
jpmc,2013-02,316007.08
jpmc,2013-03,316018.51
jpmc,2013-04,316393.63
jpmc,2013-05,316858.75
jpmc,2013-06,318124.92
jpmc,2013-07,319057.46
jpmc,2013-08,319768.47
jpmc,2013-09,318724.34
jpmc,2013-10,318545.88
jpmc,2013-11,318253.38
jpmc,2013-12,316690.43
jpmc,2014-01,318828.48
jpmc,2014-02,314029.69
jpmc,2014-03,314001.68
jpmc,2014-04,314448.38
jpmc,2014-05,315652.14
jpmc,2014-06,317188.97
jpmc,2014-07,318128.44
jpmc,2014-08,317883.68
jpmc,2014-09,315612.87
jpmc,2014-10,314699.71
jpmc,2014-11,313991.84
jpmc,2014-12,313167.5
jpmc,2015-01,315774.55
jpmc,2015-02,313012.96
jpmc,2015-03,313815.52
jpmc,2015-04,313214.48
jpmc,2015-05,313234.0
jpmc,2015-06,314583.42
jpmc,2015-07,314368.96
jpmc,2015-08,314181.94
jpmc,2015-09,312304.56
jpmc,2015-10,311743.57
jpmc,2015-11,311502.08
jpmc,2015-12,310931.55
jpmc,2016-01,313618.97
jpmc,2016-02,312641.25
jpmc,2016-03,313340.48
jpmc,2016-04,314046.16
jpmc,2016-05,315670.92
jpmc,2016-06,319110.75
jpmc,2016-07,320473.84
jpmc,2016-08,322055.18
jpmc,2016-09,320132.5
jpmc,2016-10,320550.76
jpmc,2016-11,320715.74
jpmc,2016-12,321052.97
jpmc,2017-01,324695.8
jpmc,2017-02,324060.55
jpmc,2017-03,325351.34
jpmc,2017-04,326979.6
jpmc,2017-05,328883.35
jpmc,2017-06,333001.59
jpmc,2017-07,335040.12
jpmc,2017-08,336374.49
jpmc,2017-09,334686.26
jpmc,2017-10,335846.57
jpmc,2017-11,336918.06
jpmc,2017-12,337448.61
jpmc,2018-01,341756.67
jpmc,2018-02,341855.44
jpmc,2018-03,343112.75
jpmc,2018-04,345466.85
jpmc,2018-05,347140.19
jpmc,2018-06,351133.61
jpmc,2018-07,353517.06
jpmc,2018-08,355450.44
jpmc,2018-09,352554.6
jpmc,2018-10,354016.32
jpmc,2018-11,354774.98
jpmc,2018-12,354745.78
jpmc,2019-01,359440.62
jpmc,2019-02,360439.53
jpmc,2019-03,361891.82
jpmc,2019-04,365148.96
jpmc,2019-05,366995.68
jpmc,2019-06,371126.03
jpmc,2019-07,375001.59
jpmc,2019-08,376470.58
jpmc,2019-09,372109.31
jpmc,2019-10,372254.48
jpmc,2019-11,371941.2
jpmc,2019-12,370419.48
oracle,2008-01,180664.38
oracle,2008-02,176176.32
oracle,2008-03,177282.19
oracle,2008-04,178075.89
oracle,2008-05,179197.5
oracle,2008-06,180709.55
oracle,2008-07,180824.89
oracle,2008-08,181550.46
oracle,2008-09,182105.95
oracle,2008-10,181948.02
oracle,2008-11,182157.57
oracle,2008-12,182286.61
oracle,2009-01,186003.36
oracle,2009-02,181015.99
oracle,2009-03,181234.42
oracle,2009-04,180594.02
oracle,2009-05,179916.91
oracle,2009-06,179875.3
oracle,2009-07,178880.29
oracle,2009-08,178866.79
oracle,2009-09,178741.73
oracle,2009-10,178213.9
oracle,2009-11,178144.05
oracle,2009-12,177418.41
oracle,2010-01,182476.19
oracle,2010-02,178907.48
oracle,2010-03,175777.49
oracle,2010-04,174048.21
oracle,2010-05,173966.1
oracle,2010-06,174885.69
oracle,2010-07,174520.85
oracle,2010-08,174412.72
oracle,2010-09,174675.2
oracle,2010-10,175006.84
oracle,2010-11,175256.11
oracle,2010-12,175836.1
oracle,2011-01,178347.41
oracle,2011-02,176234.48
oracle,2011-03,177092.17
oracle,2011-04,177214.04
oracle,2011-05,177820.78
oracle,2011-06,179376.87
oracle,2011-07,179541.82
oracle,2011-08,180629.39
oracle,2011-09,182002.1
oracle,2011-10,182339.35
oracle,2011-11,182781.46
oracle,2011-12,183145.55
oracle,2012-01,186360.59
oracle,2012-02,184846.8
oracle,2012-03,185369.88
oracle,2012-04,185556.24
oracle,2012-05,186282.13
oracle,2012-06,188470.81
oracle,2012-07,188988.74
oracle,2012-08,189558.8
oracle,2012-09,190537.26
oracle,2012-10,190651.09
oracle,2012-11,191075.59
oracle,2012-12,191569.85
oracle,2013-01,194479.52
oracle,2013-02,192857.94
oracle,2013-03,193902.16
oracle,2013-04,194705.22
oracle,2013-05,195577.51
oracle,2013-06,198362.09
oracle,2013-07,199056.44
oracle,2013-08,199517.13
oracle,2013-09,199562.98
oracle,2013-10,199758.35
oracle,2013-11,199816.8
oracle,2013-12,199965.63
oracle,2014-01,202303.14
oracle,2014-02,200193.58
oracle,2014-03,200734.18
oracle,2014-04,201309.38
oracle,2014-05,201381.35
oracle,2014-06,203490.08
oracle,2014-07,204076.76
oracle,2014-08,204541.72
oracle,2014-09,205278.04
oracle,2014-10,206009.4
oracle,2014-11,206259.61
oracle,2014-12,206255.97
oracle,2015-01,208510.82
oracle,2015-02,207197.89
oracle,2015-03,208680.69
oracle,2015-04,209949.1
oracle,2015-05,211018.76
oracle,2015-06,214001.29
oracle,2015-07,215385.47
oracle,2015-08,216948.61
oracle,2015-09,218080.7
oracle,2015-10,218709.99
oracle,2015-11,219241.72
oracle,2015-12,219580.93
oracle,2016-01,221448.81
oracle,2016-02,220601.01
oracle,2016-03,220948.16
oracle,2016-04,221482.45
oracle,2016-05,221934.11
oracle,2016-06,225015.88
oracle,2016-07,224954.39
oracle,2016-08,225378.43
oracle,2016-09,225211.59
oracle,2016-10,224714.17
oracle,2016-11,224690.46
oracle,2016-12,224899.47
oracle,2017-01,226003.61
oracle,2017-02,223909.26
oracle,2017-03,224148.56
oracle,2017-04,223196.47
oracle,2017-05,223290.42
oracle,2017-06,225284.74
oracle,2017-07,225326.77
oracle,2017-08,225894.25
oracle,2017-09,226389.9
oracle,2017-10,225821.59
oracle,2017-11,225333.04
oracle,2017-12,225612.08
oracle,2018-01,228141.66
oracle,2018-02,226669.37
oracle,2018-03,227163.23
oracle,2018-04,226640.29
oracle,2018-05,226946.47
oracle,2018-06,229783.64
oracle,2018-07,230093.39
oracle,2018-08,231011.64
oracle,2018-09,231615.32
oracle,2018-10,232083.64
oracle,2018-11,232302.78
oracle,2018-12,232772.67
oracle,2019-01,234538.68
oracle,2019-02,233306.9
oracle,2019-03,235124.55
oracle,2019-04,234058.32
oracle,2019-05,233818.66
oracle,2019-06,238049.98
oracle,2019-07,237980.74
oracle,2019-08,238390.66
oracle,2019-09,238484.05
oracle,2019-10,238457.35
oracle,2019-11,238486.57
oracle,2019-12,238631.79
roblox,2008-01,635.19
roblox,2008-02,635.4
roblox,2008-03,637.97
roblox,2008-04,640.76
roblox,2008-05,641.15
roblox,2008-06,645.96
roblox,2008-07,646.34
roblox,2008-08,648.18
roblox,2008-09,648.62
roblox,2008-10,647.85
roblox,2008-11,648.18
roblox,2008-12,649.51
roblox,2009-01,651.66
roblox,2009-02,657.21
roblox,2009-03,657.94
roblox,2009-04,662.52
roblox,2009-05,662.52
roblox,2009-06,672.78
roblox,2009-07,673.14
roblox,2009-08,675.77
roblox,2009-09,676.72
roblox,2009-10,676.8
roblox,2009-11,677.19
roblox,2009-12,677.53
roblox,2010-01,687.24
roblox,2010-02,683.33
roblox,2010-03,692.08
roblox,2010-04,695.84
roblox,2010-05,694.37
roblox,2010-06,700.1
roblox,2010-07,703.26
roblox,2010-08,701.87
roblox,2010-09,704.36
roblox,2010-10,700.03
roblox,2010-11,699.73
roblox,2010-12,699.73
roblox,2011-01,713.61
roblox,2011-02,712.06
roblox,2011-03,712.37
roblox,2011-04,721.27
roblox,2011-05,727.21
roblox,2011-06,733.81
roblox,2011-07,735.8
roblox,2011-08,737.96
roblox,2011-09,741.2
roblox,2011-10,743.85
roblox,2011-11,746.38
roblox,2011-12,748.87
roblox,2012-01,765.64
roblox,2012-02,766.82
roblox,2012-03,777.4
roblox,2012-04,780.22
roblox,2012-05,781.76
roblox,2012-06,798.72
roblox,2012-07,808.12
roblox,2012-08,813.99
roblox,2012-09,812.08
roblox,2012-10,816.05
roblox,2012-11,819.5
roblox,2012-12,821.98
roblox,2013-01,839.34
roblox,2013-02,833.18
roblox,2013-03,830.31
roblox,2013-04,835.23
roblox,2013-05,844.14
roblox,2013-06,852.54
roblox,2013-07,847.01
roblox,2013-08,851.56
roblox,2013-09,843.74
roblox,2013-10,842.31
roblox,2013-11,843.11
roblox,2013-12,840.36
roblox,2014-01,854.81
roblox,2014-02,851.72
roblox,2014-03,855.94
roblox,2014-04,862.16
roblox,2014-05,867.02
roblox,2014-06,883.88
roblox,2014-07,891.14
roblox,2014-08,894.27
roblox,2014-09,891.27
roblox,2014-10,890.48
roblox,2014-11,901.14
roblox,2014-12,902.48
roblox,2015-01,922.64
roblox,2015-02,924.61
roblox,2015-03,940.29
roblox,2015-04,946.1
roblox,2015-05,948.84
roblox,2015-06,991.73
roblox,2015-07,993.26
roblox,2015-08,996.71
roblox,2015-09,985.23
roblox,2015-10,983.67
roblox,2015-11,992.84
roblox,2015-12,987.44
roblox,2016-01,1006.06
roblox,2016-02,1010.56
roblox,2016-03,1015.44
roblox,2016-04,1037.02
roblox,2016-05,1065.45
roblox,2016-06,1097.03
roblox,2016-07,1100.63
roblox,2016-08,1111.16
roblox,2016-09,1117.23
roblox,2016-10,1131.18
roblox,2016-11,1124.79
roblox,2016-12,1123.84
roblox,2017-01,1155.71
roblox,2017-02,1135.72
roblox,2017-03,1149.94
roblox,2017-04,1159.49
roblox,2017-05,1201.17
roblox,2017-06,1239.05
roblox,2017-07,1261.85
roblox,2017-08,1281.34
roblox,2017-09,1273.72
roblox,2017-10,1301.1
roblox,2017-11,1311.64
roblox,2017-12,1316.0
roblox,2018-01,1432.04
roblox,2018-02,1469.5
roblox,2018-03,1469.37
roblox,2018-04,1491.52
roblox,2018-05,1503.6
roblox,2018-06,1541.39
roblox,2018-07,1559.98
roblox,2018-08,1570.55
roblox,2018-09,1548.38
roblox,2018-10,1580.18
roblox,2018-11,1577.5
roblox,2018-12,1570.0
roblox,2019-01,1652.91
roblox,2019-02,1655.27
roblox,2019-03,1680.42
roblox,2019-04,1690.26
roblox,2019-05,1747.53
roblox,2019-06,1884.46
roblox,2019-07,1915.66
roblox,2019-08,1984.15
roblox,2019-09,1952.35
roblox,2019-10,2014.38
roblox,2019-11,2014.92
roblox,2019-12,2059.09
salesforce,2008-01,10073.25
salesforce,2008-02,9954.24
salesforce,2008-03,10116.95
salesforce,2008-04,10336.57
salesforce,2008-05,10436.24
salesforce,2008-06,10592.54
salesforce,2008-07,10707.38
salesforce,2008-08,10882.09
salesforce,2008-09,10991.51
salesforce,2008-10,11154.3
salesforce,2008-11,11250.64
salesforce,2008-12,11352.01
salesforce,2009-01,11820.04
salesforce,2009-02,11749.33
salesforce,2009-03,11780.23
salesforce,2009-04,11815.96
salesforce,2009-05,11835.02
salesforce,2009-06,11932.64
salesforce,2009-07,12074.5
salesforce,2009-08,12242.84
salesforce,2009-09,12336.86
salesforce,2009-10,12470.69
salesforce,2009-11,12592.8
salesforce,2009-12,12649.89
salesforce,2010-01,13333.28
salesforce,2010-02,13249.05
salesforce,2010-03,13423.06
salesforce,2010-04,13530.64
salesforce,2010-05,13835.33
salesforce,2010-06,14057.19
salesforce,2010-07,14195.6
salesforce,2010-08,14414.01
salesforce,2010-09,14562.28
salesforce,2010-10,14764.1
salesforce,2010-11,15040.91
salesforce,2010-12,15217.27
salesforce,2011-01,16170.52
salesforce,2011-02,16111.68
salesforce,2011-03,16317.13
salesforce,2011-04,16482.94
salesforce,2011-05,16939.48
salesforce,2011-06,17287.88
salesforce,2011-07,17608.43
salesforce,2011-08,17984.8
salesforce,2011-09,18177.67
salesforce,2011-10,18483.09
salesforce,2011-11,18752.04
salesforce,2011-12,18980.38
salesforce,2012-01,20079.78
salesforce,2012-02,20074.85
salesforce,2012-03,20264.26
salesforce,2012-04,20638.22
salesforce,2012-05,21084.09
salesforce,2012-06,21598.09
salesforce,2012-07,21950.92
salesforce,2012-08,22453.16
salesforce,2012-09,22564.76
salesforce,2012-10,22739.9
salesforce,2012-11,22831.8
salesforce,2012-12,23201.29
salesforce,2013-01,24408.24
salesforce,2013-02,24256.31
salesforce,2013-03,24380.24
salesforce,2013-04,24809.71
salesforce,2013-05,25162.68
salesforce,2013-06,25813.27
salesforce,2013-07,26129.0
salesforce,2013-08,26196.14
salesforce,2013-09,26366.12
salesforce,2013-10,26467.76
salesforce,2013-11,26777.26
salesforce,2013-12,27005.58
salesforce,2014-01,28292.47
salesforce,2014-02,28261.96
salesforce,2014-03,28754.95
salesforce,2014-04,29404.69
salesforce,2014-05,30221.13
salesforce,2014-06,31201.19
salesforce,2014-07,31761.22
salesforce,2014-08,32122.19
salesforce,2014-09,32155.16
salesforce,2014-10,32367.06
salesforce,2014-11,32587.88
salesforce,2014-12,32818.14
salesforce,2015-01,34384.17
salesforce,2015-02,34518.22
salesforce,2015-03,34717.53
salesforce,2015-04,35505.99
salesforce,2015-05,36168.17
salesforce,2015-06,37161.07
salesforce,2015-07,37958.15
salesforce,2015-08,38850.26
salesforce,2015-09,38826.59
salesforce,2015-10,39412.99
salesforce,2015-11,39917.99
salesforce,2015-12,40315.16
salesforce,2016-01,41943.61
salesforce,2016-02,42670.96
salesforce,2016-03,42898.57
salesforce,2016-04,43937.71
salesforce,2016-05,45355.9
salesforce,2016-06,46406.32
salesforce,2016-07,47040.83
salesforce,2016-08,47722.54
salesforce,2016-09,47285.31
salesforce,2016-10,47371.22
salesforce,2016-11,47761.42
salesforce,2016-12,48092.14
salesforce,2017-01,50053.98
salesforce,2017-02,51087.5
salesforce,2017-03,50677.42
salesforce,2017-04,51726.1
salesforce,2017-05,53051.4
salesforce,2017-06,54268.93
salesforce,2017-07,54993.73
salesforce,2017-08,56461.03
salesforce,2017-09,56373.96
salesforce,2017-10,57210.81
salesforce,2017-11,57624.17
salesforce,2017-12,57792.4
salesforce,2018-01,60096.99
salesforce,2018-02,61690.99
salesforce,2018-03,61057.07
salesforce,2018-04,62191.11
salesforce,2018-05,63597.62
salesforce,2018-06,65023.26
salesforce,2018-07,66390.56
salesforce,2018-08,68037.46
salesforce,2018-09,67597.92
salesforce,2018-10,68748.46
salesforce,2018-11,69486.38
salesforce,2018-12,69897.68
salesforce,2019-01,73169.04
salesforce,2019-02,76310.55
salesforce,2019-03,75672.73
salesforce,2019-04,77815.63
salesforce,2019-05,80357.27
salesforce,2019-06,82256.03
salesforce,2019-07,84890.43
salesforce,2019-08,87985.92
salesforce,2019-09,87688.2
salesforce,2019-10,89302.37
salesforce,2019-11,90404.54
salesforce,2019-12,90746.4
target,2008-01,253922.18
target,2008-02,248468.5
target,2008-03,249034.56
target,2008-04,249198.46
target,2008-05,250843.82
target,2008-06,254462.97
target,2008-07,255563.45
target,2008-08,258484.99
target,2008-09,258097.88
target,2008-10,260523.15
target,2008-11,261199.23
target,2008-12,260214.19
target,2009-01,263340.03
target,2009-02,258246.03
target,2009-03,258272.38
target,2009-04,258540.38
target,2009-05,259385.17
target,2009-06,262172.99
target,2009-07,262876.82
target,2009-08,265529.98
target,2009-09,265779.67
target,2009-10,268687.06
target,2009-11,271032.42
target,2009-12,270495.54
target,2010-01,276250.91
target,2010-02,270340.12
target,2010-03,271059.46
target,2010-04,271662.86
target,2010-05,273766.43
target,2010-06,277267.93
target,2010-07,278865.74
target,2010-08,282379.31
target,2010-09,282153.81
target,2010-10,285869.61
target,2010-11,289176.07
target,2010-12,288659.58
target,2011-01,296598.78
target,2011-02,289223.26
target,2011-03,289786.4
target,2011-04,290231.06
target,2011-05,293007.07
target,2011-06,297310.12
target,2011-07,299082.19
target,2011-08,302323.66
target,2011-09,301538.59
target,2011-10,306691.66
target,2011-11,311450.62
target,2011-12,310162.36
target,2012-01,317215.98
target,2012-02,304043.19
target,2012-03,304400.95
target,2012-04,304902.26
target,2012-05,306623.64
target,2012-06,310168.16
target,2012-07,311146.28
target,2012-08,313435.5
target,2012-09,311659.63
target,2012-10,316714.58
target,2012-11,320865.76
target,2012-12,319946.76
target,2013-01,325978.64
target,2013-02,314576.08
target,2013-03,314723.45
target,2013-04,315022.98
target,2013-05,317031.12
target,2013-06,321068.73
target,2013-07,322305.5
target,2013-08,324063.57
target,2013-09,321838.21
target,2013-10,325157.41
target,2013-11,329314.85
target,2013-12,327509.41
target,2014-01,330187.93
target,2014-02,317904.04
target,2014-03,316667.16
target,2014-04,314971.68
target,2014-05,316367.48
target,2014-06,319537.71
target,2014-07,320188.21
target,2014-08,322530.77
target,2014-09,319769.59
target,2014-10,322675.59
target,2014-11,326594.45
target,2014-12,325115.04
target,2015-01,324189.62
target,2015-02,314151.11
target,2015-03,312753.65
target,2015-04,309584.64
target,2015-05,309081.3
target,2015-06,310149.19
target,2015-07,310362.24
target,2015-08,312427.53
target,2015-09,309646.49
target,2015-10,312010.14
target,2015-11,315830.58
target,2015-12,314578.06
target,2016-01,311223.08
target,2016-02,304595.74
target,2016-03,303700.24
target,2016-04,303472.35
target,2016-05,304537.83
target,2016-06,306540.41
target,2016-07,306342.45
target,2016-08,307657.74
target,2016-09,303943.42
target,2016-10,307167.16
target,2016-11,308915.19
target,2016-12,307717.7
target,2017-01,306298.4
target,2017-02,300868.29
target,2017-03,300578.72
target,2017-04,300094.37
target,2017-05,302273.88
target,2017-06,304990.79
target,2017-07,306694.43
target,2017-08,308718.65
target,2017-09,306746.69
target,2017-10,312172.32
target,2017-11,315485.68
target,2017-12,314797.3
target,2018-01,313567.57
target,2018-02,308024.96
target,2018-03,306913.98
target,2018-04,307256.63
target,2018-05,308975.77
target,2018-06,311902.88
target,2018-07,312811.74
target,2018-08,315127.0
target,2018-09,312702.84
target,2018-10,317976.54
target,2018-11,321185.27
target,2018-12,320291.37
target,2019-01,317690.86
target,2019-02,310513.05
target,2019-03,309584.02
target,2019-04,309835.05
target,2019-05,310658.4
target,2019-06,311371.9
target,2019-07,311598.09
target,2019-08,312663.54
target,2019-09,308364.08
target,2019-10,312694.72
target,2019-11,316527.78
target,2019-12,313811.78
tesla,2008-01,10355.19
tesla,2008-02,10287.94
tesla,2008-03,10299.69
tesla,2008-04,10317.21
tesla,2008-05,10336.65
tesla,2008-06,10388.58
tesla,2008-07,10447.9
tesla,2008-08,10507.51
tesla,2008-09,10561.23
tesla,2008-10,10578.53
tesla,2008-11,10542.59
tesla,2008-12,10548.21
tesla,2009-01,10687.57
tesla,2009-02,10609.83
tesla,2009-03,10634.0
tesla,2009-04,10670.99
tesla,2009-05,10693.39
tesla,2009-06,10764.79
tesla,2009-07,10804.28
tesla,2009-08,10864.9
tesla,2009-09,10907.56
tesla,2009-10,10924.89
tesla,2009-11,10984.47
tesla,2009-12,11053.24
tesla,2010-01,11358.28
tesla,2010-02,11297.2
tesla,2010-03,11374.76
tesla,2010-04,11481.69
tesla,2010-05,11369.03
tesla,2010-06,11556.55
tesla,2010-07,11632.68
tesla,2010-08,11752.53
tesla,2010-09,11805.49
tesla,2010-10,11890.84
tesla,2010-11,12011.53
tesla,2010-12,12132.54
tesla,2011-01,12522.55
tesla,2011-02,12563.58
tesla,2011-03,12637.92
tesla,2011-04,12786.51
tesla,2011-05,12940.22
tesla,2011-06,13057.74
tesla,2011-07,13162.28
tesla,2011-08,13293.43
tesla,2011-09,13370.96
tesla,2011-10,13479.24
tesla,2011-11,13637.5
tesla,2011-12,13695.48
tesla,2012-01,14397.6
tesla,2012-02,14413.16
tesla,2012-03,14638.82
tesla,2012-04,15010.06
tesla,2012-05,15318.24
tesla,2012-06,15688.49
tesla,2012-07,15954.25
tesla,2012-08,16411.8
tesla,2012-09,16682.12
tesla,2012-10,17142.57
tesla,2012-11,17461.56
tesla,2012-12,17667.07
tesla,2013-01,18392.03
tesla,2013-02,18236.29
tesla,2013-03,18379.82
tesla,2013-04,18627.69
tesla,2013-05,18998.86
tesla,2013-06,19387.77
tesla,2013-07,19634.93
tesla,2013-08,20134.99
tesla,2013-09,20753.82
tesla,2013-10,21076.6
tesla,2013-11,21482.36
tesla,2013-12,21881.36
tesla,2014-01,23122.32
tesla,2014-02,23441.76
tesla,2014-03,24290.56
tesla,2014-04,25057.43
tesla,2014-05,25942.85
tesla,2014-06,26848.81
tesla,2014-07,27417.66
tesla,2014-08,28052.53
tesla,2014-09,28642.74
tesla,2014-10,29422.3
tesla,2014-11,30162.76
tesla,2014-12,30806.17
tesla,2015-01,32088.96
tesla,2015-02,31996.58
tesla,2015-03,32746.83
tesla,2015-04,33425.19
tesla,2015-05,34627.42
tesla,2015-06,35973.4
tesla,2015-07,36886.18
tesla,2015-08,37960.04
tesla,2015-09,38346.13
tesla,2015-10,39392.77
tesla,2015-11,40094.63
tesla,2015-12,40329.28
tesla,2016-01,41533.2
tesla,2016-02,41520.02
tesla,2016-03,41674.67
tesla,2016-04,41709.82
tesla,2016-05,42432.2
tesla,2016-06,43328.2
tesla,2016-07,43264.91
tesla,2016-08,43667.08
tesla,2016-09,43195.97
tesla,2016-10,43684.82
tesla,2016-11,44047.16
tesla,2016-12,44301.01
tesla,2017-01,45700.88
tesla,2017-02,45886.1
tesla,2017-03,46105.62
tesla,2017-04,46237.9
tesla,2017-05,47721.73
tesla,2017-06,48930.6
tesla,2017-07,49387.07
tesla,2017-08,50519.02
tesla,2017-09,50872.55
tesla,2017-10,51679.77
tesla,2017-11,51914.83
tesla,2017-12,52305.6
tesla,2018-01,53581.48
tesla,2018-02,53784.18
tesla,2018-03,54933.13
tesla,2018-04,55989.64
tesla,2018-05,57771.28
tesla,2018-06,59035.44
tesla,2018-07,57992.18
tesla,2018-08,58204.34
tesla,2018-09,57709.6
tesla,2018-10,58288.05
tesla,2018-11,58858.94
tesla,2018-12,59762.21
tesla,2019-01,59649.57
tesla,2019-02,57810.57
tesla,2019-03,57533.06
tesla,2019-04,56022.48
tesla,2019-05,55882.39
tesla,2019-06,54639.67
tesla,2019-07,53607.38
tesla,2019-08,53137.81
tesla,2019-09,52671.73
tesla,2019-10,53271.15
tesla,2019-11,53334.6
tesla,2019-12,53447.04
toyota,2008-01,77617.25
toyota,2008-02,76452.86
toyota,2008-03,76657.79
toyota,2008-04,76822.94
toyota,2008-05,77152.33
toyota,2008-06,77423.94
toyota,2008-07,77576.26
toyota,2008-08,77727.9
toyota,2008-09,77626.99
toyota,2008-10,77599.68
toyota,2008-11,77565.44
toyota,2008-12,77504.46
toyota,2009-01,78492.55
toyota,2009-02,77434.22
toyota,2009-03,77498.69
toyota,2009-04,77447.77
toyota,2009-05,77418.21
toyota,2009-06,77480.38
toyota,2009-07,77492.76
toyota,2009-08,77488.22
toyota,2009-09,77385.05
toyota,2009-10,77349.97
toyota,2009-11,77390.05
toyota,2009-12,77363.51
toyota,2010-01,78722.68
toyota,2010-02,77742.87
toyota,2010-03,77980.11
toyota,2010-04,78146.5
toyota,2010-05,78249.31
toyota,2010-06,78570.23
toyota,2010-07,78823.38
toyota,2010-08,78812.07
toyota,2010-09,78758.05
toyota,2010-10,78729.72
toyota,2010-11,78760.73
toyota,2010-12,78794.16
toyota,2011-01,80342.13
toyota,2011-02,79450.32
toyota,2011-03,79711.34
toyota,2011-04,79991.68
toyota,2011-05,80237.4
toyota,2011-06,80623.19
toyota,2011-07,80893.56
toyota,2011-08,81114.96
toyota,2011-09,81018.31
toyota,2011-10,81171.19
toyota,2011-11,81324.02
toyota,2011-12,81254.72
toyota,2012-01,83070.23
toyota,2012-02,81881.95
toyota,2012-03,82178.23
toyota,2012-04,82594.38
toyota,2012-05,83080.58
toyota,2012-06,83676.89
toyota,2012-07,84039.41
toyota,2012-08,84327.73
toyota,2012-09,84267.0
toyota,2012-10,84612.44
toyota,2012-11,84634.35
toyota,2012-12,84663.53
toyota,2013-01,86051.44
toyota,2013-02,84912.74
toyota,2013-03,85020.06
toyota,2013-04,85360.8
toyota,2013-05,85910.1
toyota,2013-06,86119.8
toyota,2013-07,86405.98
toyota,2013-08,86623.81
toyota,2013-09,86379.09
toyota,2013-10,86246.77
toyota,2013-11,86305.06
toyota,2013-12,86319.72
toyota,2014-01,87492.63
toyota,2014-02,86505.1
toyota,2014-03,86820.31
toyota,2014-04,87250.88
toyota,2014-05,87615.04
toyota,2014-06,88177.69
toyota,2014-07,88460.21
toyota,2014-08,88588.2
toyota,2014-09,88226.55
toyota,2014-10,88243.19
toyota,2014-11,88256.5
toyota,2014-12,88320.5
toyota,2015-01,89315.38
toyota,2015-02,88709.42
toyota,2015-03,89045.16
toyota,2015-04,89324.02
toyota,2015-05,89865.29
toyota,2015-06,90115.35
toyota,2015-07,90347.79
toyota,2015-08,90788.02
toyota,2015-09,90352.05
toyota,2015-10,90123.66
toyota,2015-11,90289.69
toyota,2015-12,90228.75
toyota,2016-01,91091.06
toyota,2016-02,90791.68
toyota,2016-03,90939.1
toyota,2016-04,91439.16
toyota,2016-05,91982.03
toyota,2016-06,92603.27
toyota,2016-07,92975.02
toyota,2016-08,93190.96
toyota,2016-09,92681.2
toyota,2016-10,92730.52
toyota,2016-11,92723.11
toyota,2016-12,92728.06
toyota,2017-01,93640.45
toyota,2017-02,93169.3
toyota,2017-03,93411.66
toyota,2017-04,93784.39
toyota,2017-05,94424.86
toyota,2017-06,94827.74
toyota,2017-07,95106.25
toyota,2017-08,95188.19
toyota,2017-09,94966.07
toyota,2017-10,94851.54
toyota,2017-11,94775.28
toyota,2017-12,94602.88
toyota,2018-01,95086.47
toyota,2018-02,94880.23
toyota,2018-03,95080.91
toyota,2018-04,95470.19
toyota,2018-05,96120.17
toyota,2018-06,96380.32
toyota,2018-07,96705.09
toyota,2018-08,96899.43
toyota,2018-09,96470.66
toyota,2018-10,96603.94
toyota,2018-11,96609.58
toyota,2018-12,96520.23
toyota,2019-01,97280.96
toyota,2019-02,97286.53
toyota,2019-03,97454.78
toyota,2019-04,98066.97
toyota,2019-05,98821.2
toyota,2019-06,99085.14
toyota,2019-07,99236.3
toyota,2019-08,99181.47
toyota,2019-09,98333.57
toyota,2019-10,97870.34
toyota,2019-11,97686.36
toyota,2019-12,97206.98
volkswagen,2008-01,82052.34
volkswagen,2008-02,81209.2
volkswagen,2008-03,81594.14
volkswagen,2008-04,82089.65
volkswagen,2008-05,82506.66
volkswagen,2008-06,83199.88
volkswagen,2008-07,83464.0
volkswagen,2008-08,83968.97
volkswagen,2008-09,84181.49
volkswagen,2008-10,84322.56
volkswagen,2008-11,84387.68
volkswagen,2008-12,84347.74
volkswagen,2009-01,85511.09
volkswagen,2009-02,84731.82
volkswagen,2009-03,84891.04
volkswagen,2009-04,84967.91
volkswagen,2009-05,85124.47
volkswagen,2009-06,85442.68
volkswagen,2009-07,85510.29
volkswagen,2009-08,85750.91
volkswagen,2009-09,85899.05
volkswagen,2009-10,85960.04
volkswagen,2009-11,86057.31
volkswagen,2009-12,86122.23
volkswagen,2010-01,88043.68
volkswagen,2010-02,87548.96
volkswagen,2010-03,88134.8
volkswagen,2010-04,88535.96
volkswagen,2010-05,89029.82
volkswagen,2010-06,89834.92
volkswagen,2010-07,90251.43
volkswagen,2010-08,90773.68
volkswagen,2010-09,91367.58
volkswagen,2010-10,91706.82
volkswagen,2010-11,91993.8
volkswagen,2010-12,92081.03
volkswagen,2011-01,94221.27
volkswagen,2011-02,93749.3
volkswagen,2011-03,94530.97
volkswagen,2011-04,95101.49
volkswagen,2011-05,95851.97
volkswagen,2011-06,97057.66
volkswagen,2011-07,97547.43
volkswagen,2011-08,98196.72
volkswagen,2011-09,98698.08
volkswagen,2011-10,98857.34
volkswagen,2011-11,99189.84
volkswagen,2011-12,99344.47
volkswagen,2012-01,101895.21
volkswagen,2012-02,101074.07
volkswagen,2012-03,101884.48
volkswagen,2012-04,102332.42
volkswagen,2012-05,103148.52
volkswagen,2012-06,104345.08
volkswagen,2012-07,104950.61
volkswagen,2012-08,105235.58
volkswagen,2012-09,105492.9
volkswagen,2012-10,105681.72
volkswagen,2012-11,105816.69
volkswagen,2012-12,105743.35
volkswagen,2013-01,108032.19
volkswagen,2013-02,107233.78
volkswagen,2013-03,108002.68
volkswagen,2013-04,108435.2
volkswagen,2013-05,109046.24
volkswagen,2013-06,110033.6
volkswagen,2013-07,110287.0
volkswagen,2013-08,110634.0
volkswagen,2013-09,110710.62
volkswagen,2013-10,110609.1
volkswagen,2013-11,110712.96
volkswagen,2013-12,110560.98
volkswagen,2014-01,112547.02
volkswagen,2014-02,111770.95
volkswagen,2014-03,112349.92
volkswagen,2014-04,112643.19
volkswagen,2014-05,113008.64
volkswagen,2014-06,114202.19
volkswagen,2014-07,114347.16
volkswagen,2014-08,114528.25
volkswagen,2014-09,114658.96
volkswagen,2014-10,114704.84
volkswagen,2014-11,114780.7
volkswagen,2014-12,114862.53
volkswagen,2015-01,116252.18
volkswagen,2015-02,116051.4
volkswagen,2015-03,116930.88
volkswagen,2015-04,117043.28
volkswagen,2015-05,117575.05
volkswagen,2015-06,118775.28
volkswagen,2015-07,119255.99
volkswagen,2015-08,119244.63
volkswagen,2015-09,119448.76
volkswagen,2015-10,119268.33
volkswagen,2015-11,119306.88
volkswagen,2015-12,119132.1
volkswagen,2016-01,120098.64
volkswagen,2016-02,119988.79
volkswagen,2016-03,120210.82
volkswagen,2016-04,120324.77
volkswagen,2016-05,120864.37
volkswagen,2016-06,121692.18
volkswagen,2016-07,121666.42
volkswagen,2016-08,121896.86
volkswagen,2016-09,121982.24
volkswagen,2016-10,121591.71
volkswagen,2016-11,121703.16
volkswagen,2016-12,121546.4
volkswagen,2017-01,122674.97
volkswagen,2017-02,122794.95
volkswagen,2017-03,123187.43
volkswagen,2017-04,123285.64
volkswagen,2017-05,123922.6
volkswagen,2017-06,124706.56
volkswagen,2017-07,124605.1
volkswagen,2017-08,124834.64
volkswagen,2017-09,124800.65
volkswagen,2017-10,124713.61
volkswagen,2017-11,124750.12
volkswagen,2017-12,124702.65
volkswagen,2018-01,125962.64
volkswagen,2018-02,126259.13
volkswagen,2018-03,126796.47
volkswagen,2018-04,127071.62
volkswagen,2018-05,127475.5
volkswagen,2018-06,128016.91
volkswagen,2018-07,127881.21
volkswagen,2018-08,128641.96
volkswagen,2018-09,128911.58
volkswagen,2018-10,129292.82
volkswagen,2018-11,129434.42
volkswagen,2018-12,129514.88
volkswagen,2019-01,131007.27
volkswagen,2019-02,131906.54
volkswagen,2019-03,132874.3
volkswagen,2019-04,133600.77
volkswagen,2019-05,134393.95
volkswagen,2019-06,135404.79
volkswagen,2019-07,135548.21
volkswagen,2019-08,136001.59
volkswagen,2019-09,136663.52
volkswagen,2019-10,136587.6
volkswagen,2019-11,136442.89
volkswagen,2019-12,135934.89
